video_id,cluster,url,motion_mean,cut_rate_per_min,audio_rms_mean,audio_rms_std,visual_density
challenge Shorts13,0,https://www.youtube.com/shorts/5Ul5w2owi-c,22.17243003845215,50.309352517985616,0.2772073745727539,0.23087240755558014,0.09485724320671504
challenge Shorts16,0,https://www.youtube.com/shorts/7Wfqv7v1NUk,27.720195770263672,51.88316679477325,0.17418137192726135,0.13140998780727386,0.11049007968629143
challenge Shorts19,0,https://www.youtube.com/shorts/cLhYKrMhOO0,14.12995433807373,17.58126847990256,0.15008310973644257,0.15539690852165222,0.11469316811616513
challenge Shorts9,0,https://www.youtube.com/shorts/XN9UWfzYm64,28.814268112182617,52.84403669724771,0.08903073519468307,0.08362335711717606,0.08134438575899844
funny Shorts10,0,https://www.youtube.com/shorts/FSHKhK16NH4,41.36079788208008,97.55163462215903,0.09718935191631317,0.07558049261569977,0.11063820422535212
funny Shorts4,0,https://www.youtube.com/shorts/kKr3dczgIGk,29.824493408203125,63.35195530726258,0.1191159188747406,0.10075697302818298,0.2136611567553469
meme Shorts7,0,https://www.youtube.com/shorts/0ZzMS-PNKIs,43.75468063354492,93.10344827586206,0.054899830371141434,0.042840685695409775,0.07678082383188016
recipe Shorts11,0,https://www.youtube.com/shorts/zJ6J0_-FHSY,27.107194900512695,66.86478454680535,0.24868103861808777,0.10436423867940903,0.15519111043070016
recipe Shorts15,0,https://www.youtube.com/shorts/18gdBoDT0Rk,33.92750930786133,81.81818181818181,0.10628654807806015,0.07805769145488739,0.08930878552971575
recipe Shorts20,0,https://www.youtube.com/shorts/HhHkKyu2xwQ,46.24740982055664,110.91549295774648,0.2663141191005707,0.08500666171312332,0.04256084754138868
recipe Shorts3,0,https://www.youtube.com/shorts/qgwHxIXuyvQ,41.43552017211914,78.255,0.06222563609480858,0.09462054818868637,0.06747590808005931
recipe Shorts8,0,https://www.youtube.com/shorts/U-4MCjHtLIs,37.15006637573242,74.53416149068322,0.1504564732313156,0.13944053649902344,0.1013957058851425
recipe Shorts9,0,https://www.youtube.com/shorts/TD-c7yRkEWI,41.45936965942383,101.88679245283018,0.26415517926216125,0.09194713085889816,0.06136969385758999
tech Shorts13,0,https://www.youtube.com/shorts/kWqr-IDPcRw,34.68513870239258,48.87218045112782,0.2051696479320526,0.10044576227664948,0.06864684198943663
tech Shorts14,0,https://www.youtube.com/shorts/k8RnYF5yqvw,35.785037994384766,61.0,0.19415494799613953,0.10523749142885208,0.08141383020344288
tech Shorts16,0,https://www.youtube.com/shorts/mHxTMLlYP60,37.43190383911133,98.07692307692308,0.0878043994307518,0.058694127947092056,0.06122909330985916
tech Shorts17,0,https://www.youtube.com/shorts/BXva2wqE2Ao,38.384605407714844,76.90092658588738,0.11544296890497208,0.08304474502801895,0.10858683849126506
tech Shorts18,0,https://www.youtube.com/shorts/KOmCrzzqT_o,42.064937591552734,95.55984555984556,0.07275852560997009,0.06743621826171875,0.06297088084059917
tech Shorts4,0,https://www.youtube.com/shorts/O_1RL-0klZw,42.144630432128906,81.12244897959182,0.09207431226968765,0.07132944464683533,0.06049222417840376
travel Shorts15,0,https://www.youtube.com/shorts/PkaVuvQ6xPs,37.57028579711914,83.45864661654134,0.2761085331439972,0.10907823592424393,0.15511650147800382
travel Shorts17,0,https://www.youtube.com/shorts/B9gx7DuyxJk,51.6705207824707,73.84615384615384,0.12011392414569855,0.0845639631152153,0.0905358432647165
travel Shorts8,0,https://www.youtube.com/shorts/UceymAMsACo,38.66395568847656,82.3529411764706,0.24852028489112854,0.10845255851745605,0.12001885047659698
ai Shorts10,1,https://www.youtube.com/shorts/pcOmdeQ9vjk,16.391094207763672,0.0,0.03244282305240631,0.04902276024222374,0.12404799165362544
ai Shorts3,1,https://www.youtube.com/shorts/iooqpVw69TM,20.726821899414062,37.5,0.09528914839029312,0.04760834947228432,0.13961854460093895
challenge Shorts5,1,https://www.youtube.com/shorts/IQ7BpLl81u8,23.21643829345703,31.796232876712327,0.08893866091966629,0.04475850984454155,0.10831473357448884
educational Shorts8,1,https://www.youtube.com/shorts/tLZjL-dMH_g,23.089597702026367,37.5,0.07476915419101715,0.09926556050777435,0.0438722613458529
fashion Shorts10,1,https://www.youtube.com/shorts/ztZYxWfsn4E,28.647727966308594,78.88446215139442,0.12052410840988159,0.10923025012016296,0.048699139280125196
fashion Shorts12,1,https://www.youtube.com/shorts/rsIFfHWMjjo,30.78588104248047,79.26023778071334,0.1722509115934372,0.07708646357059479,0.13125126205260235
fashion Shorts14,1,https://www.youtube.com/shorts/YZEJwHMI23M,33.395145416259766,59.50413223140496,0.20470692217350006,0.08243085443973541,0.1326170699410136
fashion Shorts2,1,https://www.youtube.com/shorts/_ugoxztLc5Q,32.336063385009766,88.52459016393443,0.19721944630146027,0.1564333736896515,0.10616057455846187
gaming Shorts11,1,https://www.youtube.com/shorts/MxSog0rv5Lg,14.632973670959473,8.402812141129898,0.11822949349880219,0.10380897670984268,0.12664971309337505
gaming Shorts14,1,https://www.youtube.com/shorts/gDtQ-To3iSU,26.910432815551758,71.05263157894738,0.0277454424649477,0.04409695789217949,0.028549246870109547
gaming Shorts17,1,https://www.youtube.com/shorts/CZql2y0P29Q,31.901535034179688,50.42016806722689,0.15202316641807556,0.07386311143636703,0.0762454355764215
gaming Shorts3,1,https://www.youtube.com/shorts/y6xUDVmtS8E,24.04058837890625,55.021834061135365,0.059173453599214554,0.07189402729272842,0.038280027386541474
gaming Shorts5,1,https://www.youtube.com/shorts/yyVEGP-7omI,34.303199768066406,71.2871287128713,0.24518777430057526,0.13444706797599792,0.08050665101721441
motivational Shorts10,1,https://www.youtube.com/shorts/uwitWUcnC7U,37.3746452331543,86.00682593856654,0.20241068303585052,0.07473178207874298,0.30277093114240994
motivational Shorts11,1,https://www.youtube.com/shorts/GTw7wk-4ai4,29.64333724975586,59.11330049261084,0.35618504881858826,0.06430444866418839,0.07447089947089947
motivational Shorts15,1,https://www.youtube.com/shorts/GGl_FyxK8qE,33.83369827270508,65.50632911392405,0.2804185152053833,0.05441729351878166,0.05341042466922749
motivational Shorts20,1,https://www.youtube.com/shorts/IOItjGrCPFY,0.0009869826026260853,0.0,0.13866156339645386,0.06537196785211563,0.09603547209181013
music Shorts14,1,https://www.youtube.com/shorts/0-fTAqYCiPc,27.143898010253906,31.50984682713348,0.1862548440694809,0.10591845214366913,0.18078418427230047
music Shorts7,1,https://www.youtube.com/shorts/lxPAIaTR9TI,0.6710039377212524,0.0,0.0,0.0,0.006631455399061033
random Shorts12,1,https://www.youtube.com/shorts/pvv5L_B7Abo,11.51249885559082,0.0,0.04508127644658089,0.04635818675160408,0.11113443481401226
reaction Shorts11,1,https://www.youtube.com/shorts/26QLCJa3LHg,24.46482276916504,55.862068965517246,0.29792046546936035,0.12418872117996216,0.2003002738654147
reaction Shorts4,1,https://www.youtube.com/shorts/kegGG_JWCns,10.508453369140625,12.88782816229117,0.041446782648563385,0.058217402547597885,0.10995766264252181
reaction Shorts6,1,https://www.youtube.com/shorts/tcTI0QyRMBI,22.90165138244629,37.11340206185567,0.0897233709692955,0.08872997760772705,0.11006036217303823
recipe Shorts17,1,https://www.youtube.com/shorts/uDhhd4tY7KE,42.638954162597656,89.56661316211878,0.061747174710035324,0.12571053206920624,0.06301885386392428
remix Shorts15,1,https://www.youtube.com/shorts/tXVIW_yTc6E,23.67599868774414,52.94117647058824,0.2615928649902344,0.09305465966463089,0.18651212832550862
sports Shorts2,1,https://www.youtube.com/shorts/Zjz_G84TxJM,30.189483642578125,46.04651162790697,0.19773989915847778,0.08429215848445892,0.18257303077725615
sports Shorts3,1,https://www.youtube.com/shorts/0tBQCfPyyNg,54.03920364379883,95.92476489028213,0.0,0.0,0.07515293782899415
tech Shorts2,1,https://www.youtube.com/shorts/iuLgq7bf6QY,6.918467044830322,0.0,0.04816832393407822,0.04088601842522621,0.17128080985915492
travel Shorts3,1,https://www.youtube.com/shorts/mkfSZDwAaf8,46.55800247192383,81.05065666041276,0.09815777838230133,0.0770825669169426,0.10964234480959834
travel Shorts6,1,https://www.youtube.com/shorts/ivijUqcl9KM,41.20528030395508,72.61146496815287,0.13608485460281372,0.09284739196300507,0.09439431729264476
trending Shorts15,1,https://www.youtube.com/shorts/FpKU39PxhYA,30.715120315551758,52.17391304347826,0.18084435164928436,0.0912160575389862,0.10376972483046427
trending Shorts3,1,https://www.youtube.com/shorts/hwYOe5nU5d4,12.543160438537598,13.075060532687651,0.2525606155395508,0.07782891392707825,0.10150975296221776
viral Shorts3,1,https://www.youtube.com/shorts/CQY32DKYaUo,38.50419616699219,54.13533834586466,0.2672237157821655,0.1279183030128479,0.1053755868544601
viral Shorts9,1,https://www.youtube.com/shorts/hx265ujsLVU,35.4210205078125,105.21582733812949,0.12959425151348114,0.15786132216453552,0.13893110122724656
ai Shorts11,2,https://www.youtube.com/shorts/el_wBe0d69w,22.093408584594727,26.913875598086126,0.139566108584404,0.12493565678596497,0.08455245361055219
random Shorts1,2,https://www.youtube.com/shorts/8W7RA8Akfxo,44.665191650390625,110.46931407942239,0.23404289782047272,0.11212867498397827,0.195120987654321
random Shorts16,2,https://www.youtube.com/shorts/WRC6ToIqU-Q,15.932847023010254,5.499088067895407,0.05748991295695305,0.04249918460845947,0.21878260302556074
storytime Shorts12,2,https://www.youtube.com/shorts/1eePmsWd-ew,41.3402214050293,92.78350515463919,0.07858003675937653,0.059632766991853714,0.05556729264475744
storytime Shorts15,2,https://www.youtube.com/shorts/CTZ0A1Xns18,26.66105079650879,59.75538730343622,0.3127592206001282,0.1376229077577591,0.09992478819275809
storytime Shorts16,2,https://www.youtube.com/shorts/TFdGaOhhN3Y,34.816001892089844,81.28718226068145,0.069268599152565,0.0391206294298172,0.1080394328335605
storytime Shorts2,2,https://www.youtube.com/shorts/B-mpwKHVenM,40.69318771362305,101.2249443207127,0.199302077293396,0.11021370440721512,0.16871381064162758
storytime Shorts4,2,https://www.youtube.com/shorts/DIYVY922Y0o,38.074161529541016,81.19361554476058,0.11341328173875809,0.0791483148932457,0.042987488422599085
storytime Shorts5,2,https://www.youtube.com/shorts/lUY95VRzb-w,31.948740005493164,67.50888274772996,0.07318872958421707,0.04407430812716484,0.14396928910742562
storytime Shorts6,2,https://www.youtube.com/shorts/mm5Atx38z8I,25.115732192993164,47.15719063545151,0.1095302402973175,0.08387134969234467,0.09286287167449142
storytime Shorts9,2,https://www.youtube.com/shorts/ueBR86_Q_00,33.774513244628906,59.005401378282734,0.0912054106593132,0.05805258825421333,0.06115602678766578
ai Shorts13,3,https://www.youtube.com/shorts/oDTWnzFM-bw,16.05888557434082,15.0,0.011157874949276447,0.0286223404109478,0.04417424687010954
ai Shorts16,3,https://www.youtube.com/shorts/ALCo3wEb-J0,19.603649139404297,31.5,0.05701906606554985,0.07422035932540894,0.1474657668231612
challenge Shorts15,3,https://www.youtube.com/shorts/kilZ3bM70y8,14.402976989746094,7.03125,0.002642253180965781,0.009394951164722443,0.1274452269170579
educational Shorts11,3,https://www.youtube.com/shorts/wC8C5ctUfmU,34.9111328125,77.41935483870968,0.02811584435403347,0.03471033647656441,0.157981220657277
funny Shorts13,3,https://www.youtube.com/shorts/uJ74HtNmZpk,39.19217300415039,68.0672268907563,0.14706754684448242,0.0719914585351944,0.11060250391236306
funny Shorts8,3,https://www.youtube.com/shorts/MrmFlBX3JU8,20.39139175415039,34.847356664184666,0.025623133406043053,0.02326265722513199,0.1385419926969223
reaction Shorts1,3,https://www.youtube.com/shorts/-BCMiL1xRME,51.49217987060547,110.09708737864077,0.16029390692710876,0.06827790290117264,0.1714727252403309
recipe Shorts1,3,https://www.youtube.com/shorts/zPxQjuFoUBc,33.05848693847656,75.88532883642496,0.019510477781295776,0.04125329107046127,0.0358572965571205
recipe Shorts18,3,https://www.youtube.com/shorts/qiyzC1LgdzY,38.0096549987793,81.64948453608247,0.052885644137859344,0.06586730480194092,0.06382840694963432
sports Shorts10,3,https://www.youtube.com/shorts/56aBaVPKZjU,52.65952682495117,109.56521739130433,0.024470150470733643,0.050065550953149796,0.10134487480438184
sports Shorts6,3,https://www.youtube.com/shorts/O5BC-YOwzig,54.669979095458984,113.92405063291137,0.3084925413131714,0.20964714884757996,0.18293965179968702
tech Shorts1,3,https://www.youtube.com/shorts/vW2K0L-vUgw,49.930267333984375,90.0,0.03092292696237564,0.03536810725927353,0.10125195618153365
tech Shorts5,3,https://www.youtube.com/shorts/PpOLOiTTXUc,32.69776153564453,70.82405345211582,0.02365260198712349,0.03024265356361866,0.1182826899669623
travel Shorts10,3,https://www.youtube.com/shorts/CcOFCg6rQtY,40.23684310913086,100.0,0.08872222155332565,0.057771291583776474,0.10829665492957746
travel Shorts19,3,https://www.youtube.com/shorts/zsYDWBsLukQ,33.370243072509766,114.45086705202313,0.06379812955856323,0.04259441792964935,0.10385367762128324
travel Shorts7,3,https://www.youtube.com/shorts/DQYc93f7FJw,41.06726837158203,59.41747572815533,0.1365308165550232,0.08902771770954132,0.1172258085550339
viral Shorts1,3,https://www.youtube.com/shorts/9JsL7wexSgI,10.106193542480469,0.0,0.2002798467874527,0.09478655457496643,0.06754857850808554
challenge Shorts1,4,https://www.youtube.com/shorts/wl6EzRDu0yM,8.337442398071289,0.0,0.2950791120529175,0.1366230696439743,0.11381902526268725
challenge Shorts2,4,https://www.youtube.com/shorts/X2uSaUrTsfA,33.637550354003906,92.36842105263158,0.2630649209022522,0.14022047817707062,0.07693850066209221
educational Shorts1,4,https://www.youtube.com/shorts/6E10ebsKg0M,30.391159057617188,64.20233463035021,0.09043441712856293,0.07785521447658539,0.07007486840233319
educational Shorts10,4,https://www.youtube.com/shorts/92pP76JC3bg,23.562055587768555,39.66101694915254,0.09449760615825653,0.0741715356707573,0.08765845070422536
educational Shorts13,4,https://www.youtube.com/shorts/amTmnnqQf_E,33.432315826416016,110.76923076923077,0.07641370594501495,0.04630562663078308,0.09482412149665671
educational Shorts14,4,https://www.youtube.com/shorts/kSBYbyN17qo,27.1151123046875,39.548022598870055,0.07381170988082886,0.0651291236281395,0.11957026248399488
educational Shorts3,4,https://www.youtube.com/shorts/V1Ticoqoidc,34.178443908691406,86.89655172413794,0.05421693995594978,0.07128425687551498,0.08164123630672927
educational Shorts4,4,https://www.youtube.com/shorts/pEj2NWSlup4,23.81422233581543,63.82978723404255,0.12757661938667297,0.05395587161183357,0.12464397496087638
educational Shorts7,4,https://www.youtube.com/shorts/AZnC2yqGMrU,30.263948440551758,64.20233463035021,0.09044539928436279,0.077854685485363,0.06992104139991463
educational Shorts9,4,https://www.youtube.com/shorts/sgwcjPc6Niw,17.307092666625977,0.0,0.10798335075378418,0.118419349193573,0.19575630868544602
fashion Shorts3,4,https://www.youtube.com/shorts/us1_764MCOc,44.954734802246094,119.43127962085309,0.19964812695980072,0.09350193291902542,0.11641236306729263
fashion Shorts4,4,https://www.youtube.com/shorts/ibw-aelvR3g,21.5781307220459,36.34615384615385,0.13885818421840668,0.047661084681749344,0.08301950592443551
fashion Shorts8,4,https://www.youtube.com/shorts/YTu7ReQ9TT8,7.316387176513672,0.0,0.07467528432607651,0.03725763410329819,0.19455033340137443
fashion Shorts9,4,https://www.youtube.com/shorts/jQy39x0l0PE,8.824079513549805,0.0,0.25354889035224915,0.06372877210378647,0.15912477177882106
gaming Shorts13,4,https://www.youtube.com/shorts/z4xAwyOYIdM,15.057353973388672,21.24789207419899,0.2432563155889511,0.16013899445533752,0.06109448356807512
motivational Shorts4,4,https://www.youtube.com/shorts/5f7E4DQG6kk,28.275602340698242,57.50798722044728,0.2619594633579254,0.07632142305374146,0.04104441463596392
random Shorts11,4,https://www.youtube.com/shorts/IMK8N1dLW-M,35.51179122924805,83.85396986433257,0.027238836511969566,0.040448807179927826,0.09795751633986927
random Shorts13,4,https://www.youtube.com/shorts/UE6J-XG6I4M,17.759029388427734,11.881188118811881,0.10462236404418945,0.053198590874671936,0.09035246834542608
random Shorts2,4,https://www.youtube.com/shorts/qj_fqQDlboQ,20.474319458007812,34.496919917864474,0.030408037826418877,0.04545105621218681,0.09758311775414392
random Shorts3,4,https://www.youtube.com/shorts/prCIcoD-HN8,24.68112564086914,40.35874439461883,0.053573329001665115,0.02320072613656521,0.08709776017214398
random Shorts7,4,https://www.youtube.com/shorts/A4T6bI5w8N4,17.803943634033203,38.065843621399175,0.10297248512506485,0.0593276210129261,0.025938304023765946
random Shorts8,4,https://www.youtube.com/shorts/RiOqgmmcSvc,24.936349868774414,35.80490306154023,0.10156738758087158,0.07909055799245834,0.10083871283255086
recipe Shorts4,4,https://www.youtube.com/shorts/6C_xFde9_lc,31.85945701599121,60.674157303370784,0.1007654145359993,0.05650938302278519,0.06263475917231787
remix Shorts11,4,https://www.youtube.com/shorts/jY3lrs1dgnI,36.592960357666016,80.45645629538248,0.12224410474300385,0.0694735199213028,0.10110065710872161
remix Shorts2,4,https://www.youtube.com/shorts/qciWfVN-Cvo,35.47974395751953,72.48322147651007,0.07153742015361786,0.06299585849046707,0.06832942097026605
remix Shorts3,4,https://www.youtube.com/shorts/jKEKuLwOO0Q,14.49797534942627,17.061611374407583,0.17668583989143372,0.09471946954727173,0.14813184663536774
travel Shorts13,4,https://www.youtube.com/shorts/KRsMHsJWNrk,16.41252326965332,17.045454545454547,0.05242456868290901,0.04373429715633392,0.13934913493305512
travel Shorts18,4,https://www.youtube.com/shorts/4fhsv8Sv9gU,30.872360229492188,53.503184713375795,0.30040428042411804,0.05998103320598602,0.08724263986697967
trending Shorts10,4,https://www.youtube.com/shorts/O65Bh9e4iPw,31.253328323364258,56.09065155807365,0.2090781033039093,0.11160674691200256,0.08229981742305685
trending Shorts2,4,https://www.youtube.com/shorts/XyH_GWoPrNs,23.992748260498047,43.44827586206897,0.10694824159145355,0.06935656070709229,0.21362480438184664
trending Shorts20,4,https://www.youtube.com/shorts/J94eErbvPmQ,23.632583618164062,56.436947388223494,0.07565753906965256,0.05216551572084427,0.07166471048513302
viral Shorts8,4,https://www.youtube.com/shorts/hd2hiquQZVw,33.14566421508789,108.12720848056536,0.10895916819572449,0.03672588989138603,0.11524158841940532
challenge Shorts10,5,https://www.youtube.com/shorts/dSosUac12ow,35.188899993896484,95.09433962264151,0.2899043560028076,0.09665016084909439,0.12697465658146412
challenge Shorts18,5,https://www.youtube.com/shorts/cv8B_Zhd1hk,28.246597290039062,58.568329718004335,0.25627776980400085,0.13085374236106873,0.09715877849680667
gaming Shorts4,5,https://www.youtube.com/shorts/hZWNRBEdVpQ,17.746379852294922,27.898326100433977,0.015052624978125095,0.01730153150856495,0.07853960180838114
gaming Shorts7,5,https://www.youtube.com/shorts/yYhVn0vcCU0,15.64963436126709,19.660194174757283,0.12771788239479065,0.07080499082803726,0.08913655544377376
remix Shorts8,5,https://www.youtube.com/shorts/FRCcfGJpmXA,9.825154304504395,0.0,0.29243287444114685,0.14012977480888367,0.06386029854339713
sports Shorts1,5,https://www.youtube.com/shorts/BNQuL1XKf4E,27.510013580322266,62.5,0.18620043992996216,0.1157454252243042,0.127914710485133
sports Shorts17,5,https://www.youtube.com/shorts/VdJIKcde28M,11.49255084991455,9.538228614685845,0.054934777319431305,0.04034164175391197,0.15179425317336112
viral Shorts14,5,https://www.youtube.com/shorts/qP08DqrxwzA,26.200275421142578,49.33554817275748,0.04911889508366585,0.03783439099788666,0.10575475208977442
viral Shorts15,5,https://www.youtube.com/shorts/Pts30_DGaxw,6.924946308135986,0.0,0.051325034350156784,0.02151573821902275,0.07649647887323945
challenge Shorts4,6,https://www.youtube.com/shorts/4_3E4fSKFo0,41.54364776611328,77.22772277227723,0.24647271633148193,0.12638603150844574,0.11365820260315279
challenge Shorts7,6,https://www.youtube.com/shorts/BsRS_aI2Tvs,33.015926361083984,83.98133748055989,0.30338001251220703,0.1519525796175003,0.07655177862044059
educational Shorts16,6,https://www.youtube.com/shorts/0ls37smQRXc,36.86651611328125,93.72496662216288,0.0256948322057724,0.02747691608965397,0.09334428794992174
educational Shorts5,6,https://www.youtube.com/shorts/IqCBuarzb2Y,23.982223510742188,40.21526504875724,0.07380732148885727,0.07685160636901855,0.10791666666666669
funny Shorts6,6,https://www.youtube.com/shorts/P2fnXovqm0A,22.240873336791992,46.857142857142854,0.1322452276945114,0.11473959684371948,0.0788187985354475
gaming Shorts10,6,https://www.youtube.com/shorts/OHj3VqTQgPU,28.908580780029297,47.840531561461795,0.10691583156585693,0.047140348702669144,0.10978268601508039
gaming Shorts15,6,https://www.youtube.com/shorts/TS_43nX1wnI,47.127464294433594,79.74683544303797,0.06764596700668335,0.05312936753034592,0.07024892410015648
motivational Shorts2,6,https://www.youtube.com/shorts/rqhip-F4i9c,40.89301681518555,104.97427101200687,0.12756328284740448,0.049437589943408966,0.0942254050925926
motivational Shorts6,6,https://www.youtube.com/shorts/7fLqPBK_Z9o,42.49420928955078,117.24137931034484,0.34614238142967224,0.0955592468380928,0.06435293861937055
motivational Shorts9,6,https://www.youtube.com/shorts/2liO8zHVGBs,5.074296474456787,0.0,0.2656154930591583,0.10509778559207916,0.03266823161189358
random Shorts10,6,https://www.youtube.com/shorts/mzX3DSh-AW4,29.592758178710938,43.373493975903614,0.3869048058986664,0.13405318558216095,0.07502515090543259
random Shorts4,6,https://www.youtube.com/shorts/cPpMQA3eUwY,34.620174407958984,100.8,0.12941598892211914,0.143891841173172,0.09195664181165425
random Shorts9,6,https://www.youtube.com/shorts/oBUdEA_C4DE,26.18008041381836,54.59411239964318,0.1446765810251236,0.11675859987735748,0.07327830285808418
reaction Shorts10,6,https://www.youtube.com/shorts/R0x0miEoYJ0,31.679086685180664,73.31460674157303,0.11677402257919312,0.07017508894205093,0.14037436424100155
reaction Shorts15,6,https://www.youtube.com/shorts/tNh2tSeWoz8,23.06597328186035,40.0,0.0,0.0,0.07978791731872717
reaction Shorts18,6,https://www.youtube.com/shorts/Xt03FqfGYDk,28.17658805847168,52.656716417910445,0.1051458939909935,0.0691661462187767,0.09070621646545941
reaction Shorts5,6,https://www.youtube.com/shorts/itl1Lf4hq7c,34.497764587402344,63.013698630136986,0.12604618072509766,0.07615672796964645,0.1343785566936975
recipe Shorts10,6,https://www.youtube.com/shorts/YRaQor2ZZ3E,41.795372009277344,97.94117647058822,0.10821117460727692,0.09515055269002914,0.07173530312308636
recipe Shorts13,6,https://www.youtube.com/shorts/Xao87NNSfiM,28.628408432006836,54.3536523929471,0.023846330121159554,0.024090513586997986,0.08165031857813547
recipe Shorts7,6,https://www.youtube.com/shorts/907vZOyWTo8,56.37051773071289,116.96750902527076,0.18449485301971436,0.07273508608341217,0.07653853677621283
remix Shorts17,6,https://www.youtube.com/shorts/-JSCGmmtYm0,28.21932029724121,47.25536992840095,0.25460249185562134,0.1923634260892868,0.07594665213503242
remix Shorts6,6,https://www.youtube.com/shorts/UvgfeWygsCU,35.205162048339844,64.0,0.20216752588748932,0.11749588698148727,0.05221504955659884
remix Shorts9,6,https://www.youtube.com/shorts/QGhyVqC1sWA,29.621423721313477,61.01694915254237,0.19929543137550354,0.13586868345737457,0.07113368870631194
sports Shorts8,6,https://www.youtube.com/shorts/bmAUr22ap8c,19.203014373779297,0.0,0.09202710539102554,0.041826460510492325,0.1748648456394935
storytime Shorts11,6,https://www.youtube.com/shorts/18izpsejn5M,39.45497512817383,86.49655429316446,0.09474992752075195,0.057429756969213486,0.06835220666019708
travel Shorts9,6,https://www.youtube.com/shorts/5HQjR7QkU84,43.30617141723633,95.64032697547685,0.13115298748016357,0.09492538869380951,0.06598748043818467
trending Shorts4,6,https://www.youtube.com/shorts/gEhLhJyO5_E,41.27317428588867,112.87128712871286,0.13821303844451904,0.06998835504055023,0.0965037700953194
challenge Shorts3,7,https://www.youtube.com/shorts/vXUZpRRrIBU,21.83954620361328,31.71806167400881,0.05432000756263733,0.09035009145736694,0.08237669746075015
educational Shorts2,7,https://www.youtube.com/shorts/9dMFxnpEkKc,28.987730026245117,93.1107727224232,0.04346311464905739,0.05007238686084747,0.15068822023047376
educational Shorts6,7,https://www.youtube.com/shorts/kTMLgaONGHI,18.634374618530273,34.61538461538461,0.08630447089672089,0.06469696760177612,0.037344245174301356
fashion Shorts18,7,https://www.youtube.com/shorts/eFV8L2dFeRw,42.532047271728516,57.382550335570464,0.2615886330604553,0.15974602103233337,0.08780712050078246
meme Shorts1,7,https://www.youtube.com/shorts/X62CbDKT2Vs,27.39971351623535,40.27972027972028,0.1883334368467331,0.10251308977603912,0.06291079812206572
motivational Shorts19,7,https://www.youtube.com/shorts/ngLglRVaa4w,20.871170043945312,34.32203389830509,0.24844372272491455,0.1453782171010971,0.05733384683098591
random Shorts5,7,https://www.youtube.com/shorts/zwMEhBq4kYM,20.517141342163086,34.256055363321806,0.05225733295083046,0.06261560320854187,0.10915786384976527
reaction Shorts8,7,https://www.youtube.com/shorts/KwS8_UsZdIM,25.137514114379883,53.57756153405838,0.027530409395694733,0.043877117335796356,0.19214825203575506
recipe Shorts2,7,https://www.youtube.com/shorts/3SVi80fjs7U,28.841480255126953,57.5187969924812,0.016597438603639603,0.01817474700510502,0.06376228047296123
recipe Shorts5,7,https://www.youtube.com/shorts/HduytF6T4e4,34.20072555541992,78.9041095890411,0.09637794643640518,0.09132497012615204,0.12990062597809077
remix Shorts14,7,https://www.youtube.com/shorts/KMxVdXhuDyU,32.22397994995117,56.18729096989967,0.07729882746934891,0.07596186548471451,0.07026147626499737
remix Shorts5,7,https://www.youtube.com/shorts/cgRA-Ub0q6g,45.454307556152344,101.53846153846153,0.08675669133663177,0.08081107586622238,0.07252249608763695
sports Shorts4,7,https://www.youtube.com/shorts/52iN7no-qpE,77.2820053100586,113.68421052631578,0.20754650235176086,0.09642346203327179,0.1140606660798122
viral Shorts12,7,https://www.youtube.com/shorts/F7gi1J3Tcnk,32.412803649902344,76.6734279918864,0.09186915308237076,0.07097622007131577,0.11082573874620272
viral Shorts5,7,https://www.youtube.com/shorts/UXagD-Jir8s,6.895071506500244,0.0,0.0,0.0,0.1319209702660407
fashion Shorts1,8,https://www.youtube.com/shorts/OCS5WrOPaC0,8.044650077819824,0.0,0.22224079072475433,0.0822247639298439,0.08748871433730589
fashion Shorts11,8,https://www.youtube.com/shorts/DBsZMP5g7Ks,33.09511184692383,70.03891050583657,0.3696676194667816,0.1978648453950882,0.15710093896713617
fashion Shorts6,8,https://www.youtube.com/shorts/nwsL8PpqBqY,9.915616989135742,7.020280811232449,0.3440406918525696,0.17123271524906158,0.15386889236654494
fashion Shorts7,8,https://www.youtube.com/shorts/HhgxUnlhG4M,11.080516815185547,8.56286570572285,0.11757604032754898,0.10759013891220093,0.15782472613458529
gaming Shorts1,8,https://www.youtube.com/shorts/t5r0VgFhp0M,17.604324340820312,32.63456090651558,0.04858251288533211,0.044212572276592255,0.11375586854460094
gaming Shorts6,8,https://www.youtube.com/shorts/6-nDx3AVCDQ,29.006704330444336,60.91370558375635,0.07826893776655197,0.04955219849944115,0.09948454616588419
gaming Shorts8,8,https://www.youtube.com/shorts/2-67twDuY-Q,26.06084442138672,31.30434782608696,0.04215778782963753,0.047192949801683426,0.07633273923375646
meme Shorts15,8,https://www.youtube.com/shorts/EJl55yICB-k,14.762726783752441,7.929515418502202,0.2663893401622772,0.12121479958295822,0.07001295970266042
motivational Shorts1,8,https://www.youtube.com/shorts/kjsqQPMTbd4,11.785219192504883,8.551068883610451,0.06800351291894913,0.026024017482995987,0.14277582159624413
random Shorts14,8,https://www.youtube.com/shorts/avJE9hN5sy4,41.3904914855957,108.0,0.09895215183496475,0.06629913300275803,0.07831735785080855
random Shorts15,8,https://www.youtube.com/shorts/IQ14AVePD_g,13.12427043914795,22.500000000000004,0.3289922773838043,0.18655306100845337,0.2463286029307156
random Shorts6,8,https://www.youtube.com/shorts/sxmTTS4qros,23.10316276550293,53.333333333333336,0.16864453256130219,0.19607943296432495,0.10475786819683533
reaction Shorts3,8,https://www.youtube.com/shorts/lnOcIPPXkZk,46.994441986083984,72.66918385129249,0.15353229641914368,0.11901212483644485,0.14160823637477035
recipe Shorts14,8,https://www.youtube.com/shorts/OIwC6Jv55Hk,38.78141784667969,86.39999999999999,0.05928640440106392,0.0518195815384388,0.11217422053689659
remix Shorts10,8,https://www.youtube.com/shorts/xA6aNO3d27w,36.44395446777344,75.0,0.18632596731185913,0.12232678383588791,0.21579462153035167
remix Shorts4,8,https://www.youtube.com/shorts/LhgOv34C6ZI,10.66567325592041,0.0,0.1831117421388626,0.17938539385795593,0.14073422013562858
sports Shorts12,8,https://www.youtube.com/shorts/t45cetC6j7o,29.160310745239258,100.55865921787709,0.13047897815704346,0.04188968241214752,0.12593978221178928
sports Shorts14,8,https://www.youtube.com/shorts/0m4OsfAHYWY,46.1580696105957,108.22784810126582,0.28350403904914856,0.27714604139328003,0.10313967136150234
storytime Shorts14,8,https://www.youtube.com/shorts/1LoMI29PMgk,22.90060043334961,44.09663150731541,0.07830291986465454,0.07245943695306778,0.12618733170351476
travel Shorts11,8,https://www.youtube.com/shorts/JogfIoXd2Gw,21.024599075317383,41.14285714285714,0.23102982342243195,0.14560356736183167,0.10399713093375064
travel Shorts16,8,https://www.youtube.com/shorts/1agDds-tOvA,42.27357482910156,96.23762376237623,0.08452173322439194,0.06160969287157059,0.180117907883028
travel Shorts4,8,https://www.youtube.com/shorts/oDihnbzhRVc,31.29900360107422,73.54117647058823,0.1568874567747116,0.11511871963739395,0.11688857100938965
travel Shorts5,8,https://www.youtube.com/shorts/HZY3Mx87zCY,40.50498580932617,80.85106382978724,0.016756797209382057,0.008215575478971004,0.171697965571205
trending Shorts17,8,https://www.youtube.com/shorts/-wG06YFmkcQ,29.475069046020508,48.57954545454546,0.23756815493106842,0.07846828550100327,0.10765967331768389
trending Shorts6,8,https://www.youtube.com/shorts/SeC10P7dslw,20.068010330200195,15.384615384615387,0.23894400894641876,0.08021999150514603,0.12142630086071989
trending Shorts8,8,https://www.youtube.com/shorts/2sokLXhqRFQ,28.717187881469727,78.62068965517241,0.0536956787109375,0.0307454951107502,0.09217266562336987
viral Shorts19,8,https://www.youtube.com/shorts/96DmtEn4vco,25.23249626159668,50.0,0.10423363000154495,0.10136611759662628,0.1567439358372457
viral Shorts4,8,https://www.youtube.com/shorts/lvdw1JLwhQA,10.364510536193848,0.0,0.2539486587047577,0.1637551188468933,0.09633927301180822
ai Shorts14,9,https://www.youtube.com/shorts/7yDbD1QSwzE,18.501482009887695,20.46678635547576,0.18497149646282196,0.15003550052642822,0.17235636038452937
ai Shorts2,9,https://www.youtube.com/shorts/FwxFNc9E-gs,11.487120628356934,9.080717488789237,0.08099757879972458,0.08297234773635864,0.17723265519040168
ai Shorts4,9,https://www.youtube.com/shorts/OAq0XDhFDbU,24.03727912902832,28.3595922150139,0.07122155278921127,0.0641261637210846,0.17035624239262737
ai Shorts9,9,https://www.youtube.com/shorts/EZYNKvMjr5A,9.101685523986816,5.995004163197336,0.043399494141340256,0.03981946036219597,0.16104789304935302
funny Shorts1,9,https://www.youtube.com/shorts/apNm0EW5KHc,23.318191528320312,45.78034682080925,0.22010749578475952,0.17414875328540802,0.16140757379526197
funny Shorts2,9,https://www.youtube.com/shorts/W1FXk632mKE,37.62419891357422,82.60038240917783,0.0,0.0,0.08541260666725721
funny Shorts3,9,https://www.youtube.com/shorts/X_Sb47fxIe8,15.287090301513672,25.438100621820237,0.07937311381101608,0.05597277730703354,0.09132963979735284
gaming Shorts2,9,https://www.youtube.com/shorts/mjaNqXqk-6c,36.119728088378906,73.25581395348837,0.10660257935523987,0.0868867039680481,0.0720244777845819
meme Shorts11,9,https://www.youtube.com/shorts/uMiF3zNpDqI,19.1201114654541,35.84403240324032,0.08965959399938583,0.10981501638889313,0.039477289163328884
meme Shorts12,9,https://www.youtube.com/shorts/_NE38Rj5KXY,27.90204620361328,53.23475046210721,0.207271546125412,0.1220104992389679,0.09696122642286467
meme Shorts14,9,https://www.youtube.com/shorts/7VXuXDYSXpM,20.361064910888672,33.43653250773993,0.0669536143541336,0.07567819952964783,0.06838188220230473
meme Shorts18,9,https://www.youtube.com/shorts/ipxkqTZj6P8,11.58041763305664,17.73399014778325,0.015703773126006126,0.01927320286631584,0.0675588251732618
meme Shorts2,9,https://www.youtube.com/shorts/iYXT1h0mYlM,34.16773223876953,69.78335233751426,0.04443952441215515,0.05451177433133125,0.11549328377673447
meme Shorts3,9,https://www.youtube.com/shorts/U3Fi83bwMqQ,22.754703521728516,44.44444444444444,0.13171248137950897,0.07778089493513107,0.11376075899843506
meme Shorts4,9,https://www.youtube.com/shorts/kgU2-KfUIrE,22.400243759155273,29.26829268292683,0.14297430217266083,0.0936359390616417,0.09783324127773174
meme Shorts6,9,https://www.youtube.com/shorts/PG7aScOT3TQ,19.150075912475586,35.75620767494357,0.19852721691131592,0.15255269408226013,0.11340241742854791
meme Shorts8,9,https://www.youtube.com/shorts/yRrXSP78z8o,24.955224990844727,53.82775119617225,0.12854918837547302,0.08322998881340027,0.13961477196512406
random Shorts19,9,https://www.youtube.com/shorts/De4sEckr9nc,26.07086181640625,63.1578947368421,0.2722233235836029,0.2632020115852356,0.07086756651017215
reaction Shorts7,9,https://www.youtube.com/shorts/gz-d1c4jdn0,25.9747257232666,44.82306684141547,0.055148083716630936,0.07453491538763046,0.1308504875406284
sports Shorts13,9,https://www.youtube.com/shorts/EJrSji2JoGY,37.26384735107422,72.55483106105513,0.10208266228437424,0.07366270571947098,0.11145996348461136
storytime Shorts1,9,https://www.youtube.com/shorts/tTdy8OFC5oc,40.47111892700195,105.88235294117648,0.07180339843034744,0.06057194247841835,0.11266505281690141
travel Shorts14,9,https://www.youtube.com/shorts/DFKt4MPhLK4,27.393117904663086,68.04123711340206,0.1824079006910324,0.060955338180065155,0.07415590766823162
trending Shorts16,9,https://www.youtube.com/shorts/k67TwilE96c,36.83140563964844,43.08510638297873,0.19822640717029572,0.07203903794288635,0.13983537980016852
viral Shorts11,9,https://www.youtube.com/shorts/HAHQrfXWFV8,21.779544830322266,37.89473684210526,0.12259227782487869,0.15763616561889648,0.14436312318354572
viral Shorts2,9,https://www.youtube.com/shorts/HiDGfFOzfnk,21.34758758544922,32.14285714285714,0.033208154141902924,0.07380002737045288,0.32172046165884194
viral Shorts6,9,https://www.youtube.com/shorts/BCz2tp8AI0c,23.334007263183594,22.058823529411764,0.0633154958486557,0.05050402507185936,0.026149192071194677
viral Shorts7,9,https://www.youtube.com/shorts/lrBFiM8n96E,34.05324935913086,93.50649350649351,0.20987968146800995,0.15901827812194824,0.17418818466353678
