run_id,run_timestamp,run_date,model_family,strategy,horizon,model,val_rmse_log,val_mae_log,val_r2_log,val_rmse_raw,val_mae_raw,test_rmse_log,test_mae_log,test_r2_log,test_rmse_raw,test_mae_raw,metrics_path,strategy_horizon,generalization_gap_mae_log
colab-concat_mlp-20260306T054620Z,2026-03-06 05:46:20+00:00,2026-03-06,concat_mlp,concat,7,concat_mlp,1.5474699688187392,1.2325062060444771,0.2624553994185481,3491986.3018321204,895882.9528560549,1.549623760634468,1.2410391722575274,0.2474587048603848,2596383.6533855097,827020.8644803916,../analysis/s3_snapshots/models/snapshots/run_id=colab-concat_mlp-20260306T054620Z/model=concat_mlp/strategy=concat/horizon=7/metrics_summary.json,concat|h=7,0.0085329662130502
colab-concat_mlp-20260306T054620Z,2026-03-06 05:46:20+00:00,2026-03-06,concat_mlp,max_pool,7,concat_mlp,1.5076262019211246,1.180918840079798,0.2999465790433612,3504154.0294556804,876076.9470181625,1.533483557290812,1.2241148382130236,0.2630533482057361,2665616.337938049,826207.4933913158,../analysis/s3_snapshots/models/snapshots/run_id=colab-concat_mlp-20260306T054620Z/model=concat_mlp/strategy=max_pool/horizon=7/metrics_summary.json,max_pool|h=7,0.0431959981332255
colab-concat_mlp-20260306T054620Z,2026-03-06 05:46:20+00:00,2026-03-06,concat_mlp,sum_pool,7,concat_mlp,1.5448303777901349,1.2308080807937565,0.2649693812895857,3455327.573431064,906029.0648268184,1.5921405496507546,1.2640931134176727,0.2055974866506279,2568459.855209753,858847.1039300999,../analysis/s3_snapshots/models/snapshots/run_id=colab-concat_mlp-20260306T054620Z/model=concat_mlp/strategy=sum_pool/horizon=7/metrics_summary.json,sum_pool|h=7,0.0332850326239162
colab-concat_mlp-20260306T054620Z,2026-03-06 05:46:20+00:00,2026-03-06,concat_mlp,concat,30,concat_mlp,2.906070882602443,2.146298633103156,0.209392510190549,7504113.329567866,2415432.379325464,2.6012735023899403,1.962592194220216,0.2723294327667664,269693747.8740668,11986343.3349936,../analysis/s3_snapshots/models/snapshots/run_id=colab-concat_mlp-20260306T054620Z/model=concat_mlp/strategy=concat/horizon=30/metrics_summary.json,concat|h=30,-0.1837064388829397
colab-concat_mlp-20260306T054620Z,2026-03-06 05:46:20+00:00,2026-03-06,concat_mlp,max_pool,30,concat_mlp,2.8362708982283515,2.0887946035169156,0.2469151065420165,7326217.690396038,2432846.275115212,2.507335192188787,1.8877475043761291,0.3239363784767985,8977794954.5389,333709861.31187016,../analysis/s3_snapshots/models/snapshots/run_id=colab-concat_mlp-20260306T054620Z/model=concat_mlp/strategy=max_pool/horizon=30/metrics_summary.json,max_pool|h=30,-0.2010470991407864
colab-concat_mlp-20260306T054620Z,2026-03-06 05:46:20+00:00,2026-03-06,concat_mlp,sum_pool,30,concat_mlp,2.9389019728719292,2.1213214882073914,0.1914279610545014,7258720.137040053,2409560.9817429148,2.5959896378234064,1.8840044738488504,0.275282607596539,394713738857.90015,14581112720.845064,../analysis/s3_snapshots/models/snapshots/run_id=colab-concat_mlp-20260306T054620Z/model=concat_mlp/strategy=sum_pool/horizon=30/metrics_summary.json,sum_pool|h=30,-0.237317014358541
colab-gated_fusion_mlp-20260306T054937Z,2026-03-06 05:49:37+00:00,2026-03-06,gated_fusion_mlp,concat,7,gated_fusion_mlp,1.6315501445888234,1.3026813497626055,0.1801305935252923,3610902.2164328215,912193.7278540512,1.616371754986883,1.3020530077490475,0.1812330412713167,2754008.599246775,867716.0604379869,../analysis/s3_snapshots/models/snapshots/run_id=colab-gated_fusion_mlp-20260306T054937Z/model=gated_fusion_mlp/strategy=concat/horizon=7/metrics_summary.json,concat|h=7,-0.0006283420135582
colab-gated_fusion_mlp-20260306T054937Z,2026-03-06 05:49:37+00:00,2026-03-06,gated_fusion_mlp,max_pool,7,gated_fusion_mlp,1.6315501445888234,1.3026813497626055,0.1801305935252923,3610902.2164328215,912193.7278540512,1.616371754986883,1.3020530077490475,0.1812330412713167,2754008.599246775,867716.0604379869,../analysis/s3_snapshots/models/snapshots/run_id=colab-gated_fusion_mlp-20260306T054937Z/model=gated_fusion_mlp/strategy=max_pool/horizon=7/metrics_summary.json,max_pool|h=7,-0.0006283420135582
colab-gated_fusion_mlp-20260306T054937Z,2026-03-06 05:49:37+00:00,2026-03-06,gated_fusion_mlp,sum_pool,7,gated_fusion_mlp,1.6315501445888234,1.3026813497626055,0.1801305935252923,3610902.2164328215,912193.7278540512,1.616371754986883,1.3020530077490475,0.1812330412713167,2754008.599246775,867716.0604379869,../analysis/s3_snapshots/models/snapshots/run_id=colab-gated_fusion_mlp-20260306T054937Z/model=gated_fusion_mlp/strategy=sum_pool/horizon=7/metrics_summary.json,sum_pool|h=7,-0.0006283420135582
colab-gated_fusion_mlp-20260306T054937Z,2026-03-06 05:49:37+00:00,2026-03-06,gated_fusion_mlp,concat,30,gated_fusion_mlp,2.8883254814419357,2.2142712595030196,0.2190184366521853,7647719.308167897,2449963.88556326,2.665032808595838,2.048295241911447,0.2362206811880665,34648608.55565742,3277338.860124913,../analysis/s3_snapshots/models/snapshots/run_id=colab-gated_fusion_mlp-20260306T054937Z/model=gated_fusion_mlp/strategy=concat/horizon=30/metrics_summary.json,concat|h=30,-0.1659760175915727
colab-gated_fusion_mlp-20260306T054937Z,2026-03-06 05:49:37+00:00,2026-03-06,gated_fusion_mlp,max_pool,30,gated_fusion_mlp,2.8883254814419357,2.2142712595030196,0.2190184366521853,7647719.308167897,2449963.88556326,2.665032808595838,2.048295241911447,0.2362206811880665,34648608.55565742,3277338.860124913,../analysis/s3_snapshots/models/snapshots/run_id=colab-gated_fusion_mlp-20260306T054937Z/model=gated_fusion_mlp/strategy=max_pool/horizon=30/metrics_summary.json,max_pool|h=30,-0.1659760175915727
colab-gated_fusion_mlp-20260306T054937Z,2026-03-06 05:49:37+00:00,2026-03-06,gated_fusion_mlp,sum_pool,30,gated_fusion_mlp,2.8883254814419357,2.2142712595030196,0.2190184366521853,7647719.308167897,2449963.88556326,2.665032808595838,2.048295241911447,0.2362206811880665,34648608.55565742,3277338.860124913,../analysis/s3_snapshots/models/snapshots/run_id=colab-gated_fusion_mlp-20260306T054937Z/model=gated_fusion_mlp/strategy=sum_pool/horizon=30/metrics_summary.json,sum_pool|h=30,-0.1659760175915727
colab-gbdt-20260306T070623Z,2026-03-06 07:06:23+00:00,2026-03-06,gbdt,concat,7,gbdt,1.3461099132206025,1.0721313944536517,0.4419091863757324,3386045.5555582545,834077.0422140149,1.3695271599192655,1.1127116208029266,0.412214184234712,2643979.5182385063,809351.2648551989,../analysis/s3_snapshots/models/snapshots/run_id=colab-gbdt-20260306T070623Z/model=gbdt/strategy=concat/horizon=7/metrics_summary.json,concat|h=7,0.0405802263492751
colab-gbdt-20260306T070623Z,2026-03-06 07:06:23+00:00,2026-03-06,gbdt,max_pool,7,gbdt,1.374794192592044,1.0904312819205548,0.4178710381691558,3528711.4855597923,847493.5275062962,1.3685250632731838,1.1173687831009969,0.4130740469911272,2597330.0143230953,801077.2942812301,../analysis/s3_snapshots/models/snapshots/run_id=colab-gbdt-20260306T070623Z/model=gbdt/strategy=max_pool/horizon=7/metrics_summary.json,max_pool|h=7,0.026937501180442
colab-gbdt-20260306T070623Z,2026-03-06 07:06:23+00:00,2026-03-06,gbdt,sum_pool,7,gbdt,1.3673710306930265,1.0838602827088688,0.4241404439519425,3483985.965546882,849754.2486008224,1.373557227369621,1.1172922082466654,0.4087497742153151,2617620.309356396,805550.5850448045,../analysis/s3_snapshots/models/snapshots/run_id=colab-gbdt-20260306T070623Z/model=gbdt/strategy=sum_pool/horizon=7/metrics_summary.json,sum_pool|h=7,0.0334319255377966
colab-gbdt-20260306T070623Z,2026-03-06 07:06:23+00:00,2026-03-06,gbdt,concat,30,gbdt,1.7765018909106765,1.361050240502351,0.7045528082268793,7389787.442399129,2241295.7033767705,1.6212415797051154,1.22637574962184,0.7173439784910784,6604735.505608219,1836432.956452432,../analysis/s3_snapshots/models/snapshots/run_id=colab-gbdt-20260306T070623Z/model=gbdt/strategy=concat/horizon=30/metrics_summary.json,concat|h=30,-0.1346744908805108
colab-gbdt-20260306T070623Z,2026-03-06 07:06:23+00:00,2026-03-06,gbdt,max_pool,30,gbdt,1.779430580446155,1.3639006494337345,0.7035778739075396,7422370.1775447875,2257711.592447306,1.6419168976269336,1.2492791900530682,0.7100887158712743,6657582.457816177,1862490.7091363769,../analysis/s3_snapshots/models/snapshots/run_id=colab-gbdt-20260306T070623Z/model=gbdt/strategy=max_pool/horizon=30/metrics_summary.json,max_pool|h=30,-0.1146214593806662
colab-gbdt-20260306T070623Z,2026-03-06 07:06:23+00:00,2026-03-06,gbdt,sum_pool,30,gbdt,1.7880384114478507,1.3628908722657624,0.7007031081907591,7360718.532443915,2213559.3844169225,1.6384126693322938,1.2467077165476137,0.7113248700612531,6604782.0760907205,1839439.448667115,../analysis/s3_snapshots/models/snapshots/run_id=colab-gbdt-20260306T070623Z/model=gbdt/strategy=sum_pool/horizon=30/metrics_summary.json,sum_pool|h=30,-0.1161831557181489
colab-ridge-20260306T070324Z,2026-03-06 07:03:24+00:00,2026-03-06,ridge,concat,7,ridge,1.8714441349157824,1.4957387538943,-0.0786922625914681,3782047.073150743,1107910.9284712295,1.7779325353799662,1.4108395446645152,0.0093771129390873,2680768.07350904,928624.8745563206,../analysis/s3_snapshots/models/snapshots/run_id=colab-ridge-20260306T070324Z/model=ridge/strategy=concat/horizon=7/metrics_summary.json,concat|h=7,-0.0848992092297848
colab-ridge-20260306T070324Z,2026-03-06 07:03:24+00:00,2026-03-06,ridge,max_pool,7,ridge,1.72569085440851,1.3879926638975462,0.0827877977345736,3649120.417064789,997815.0367456008,1.6691053334684287,1.335760482467047,0.1269375847447839,2764786.961024762,905769.7456916,../analysis/s3_snapshots/models/snapshots/run_id=colab-ridge-20260306T070324Z/model=ridge/strategy=max_pool/horizon=7/metrics_summary.json,max_pool|h=7,-0.0522321814304991
colab-ridge-20260306T070324Z,2026-03-06 07:03:24+00:00,2026-03-06,ridge,sum_pool,7,ridge,1.663535400535814,1.3134667563172522,0.1476697087477499,3574884.9665562087,923675.780490182,1.6200467520888002,1.3020429174498755,0.1775056972401587,2749556.608504759,883824.6372780331,../analysis/s3_snapshots/models/snapshots/run_id=colab-ridge-20260306T070324Z/model=ridge/strategy=sum_pool/horizon=7/metrics_summary.json,sum_pool|h=7,-0.0114238388673766
colab-ridge-20260306T070324Z,2026-03-06 07:03:24+00:00,2026-03-06,ridge,concat,30,ridge,3.535228404958135,2.719085992277075,-0.169993568143864,22337495.75678025,5612157.971233165,3.261529173026275,2.549105740992142,-0.1439454354966867,394713748699.5744,14588107393.869268,../analysis/s3_snapshots/models/snapshots/run_id=colab-ridge-20260306T070324Z/model=ridge/strategy=concat/horizon=30/metrics_summary.json,concat|h=30,-0.1699802512849335
colab-ridge-20260306T070324Z,2026-03-06 07:03:24+00:00,2026-03-06,ridge,max_pool,30,ridge,3.238829343401113,2.554243091996988,0.0179702408091925,9423819.024563426,3288318.1972744833,2.9387226821840313,2.2814123689071217,0.0712902929703979,394713738865.7202,14581385459.496471,../analysis/s3_snapshots/models/snapshots/run_id=colab-ridge-20260306T070324Z/model=ridge/strategy=max_pool/horizon=30/metrics_summary.json,max_pool|h=30,-0.2728307230898661
colab-ridge-20260306T070324Z,2026-03-06 07:03:24+00:00,2026-03-06,ridge,sum_pool,30,ridge,3.127408386686238,2.4240310328719072,0.084374854348689,8833593.854406245,3056592.1582407965,2.949137047574604,2.293976860840031,0.0646962307501636,394713738956.18646,14582016539.860332,../analysis/s3_snapshots/models/snapshots/run_id=colab-ridge-20260306T070324Z/model=ridge/strategy=sum_pool/horizon=30/metrics_summary.json,sum_pool|h=30,-0.1300541720318762
